{
 "version":3,
 "baseUrl":"support/slwebview_files",
 "homeHid":1,
 "sections":[
  {
   "hid":1,
   "sid":"ControlDesignOnrampwithSimulink",
   "name":"ControlDesignOnrampwithSimulink",
   "fullname":"ControlDesignOnrampwithSimulink",
   "label":"ControlDesignOnrampwithSimulink",
   "parent":0,
   "descendantIDs":[
    137
   ],
   "descendantsURL":"support/slwebview_files/ControlDesignOnrampwithSimulink_diagrams_1.json",
   "sysViewURL":"support/slwebview_files/ControlDesignOnrampwithSimulink_p.json"
  }
 ],
 "optViews":[
 ],
 "display":{
  "informer":false,
  "notes":false
 },
 "iconsUrl":"support/slwebview_files/icon.css"
}