[
 {
  "hid":1,
  "sid":"ControlDesignOnrampwithSimulink",
  "esid":"",
  "parent":0,
  "children":[
   137
  ],
  "name":"ControlDesignOnrampwithSimulink",
  "fullname":"ControlDesignOnrampwithSimulink",
  "label":"ControlDesignOnrampwithSimulink",
  "className":"Simulink.BlockDiagram",
  "icon":"SimulinkModelIcon_icon",
  "svg":"support/slwebview_files/ControlDesignOnrampwithSimulink_d.svg",
  "thumbnail":"support/slwebview_files/ControlDesignOnrampwithSimulink_d.png",
  "elements":[
   {
    "sid":"ControlDesignOnrampwithSimulink:14",
    "rsid":"ControlDesignOnrampwithSimulink:14",
    "name":"PID Controller",
    "label":"PID Controller",
    "className":"PID 1dof",
    "icon":"BlockIcon_icon"
   },
   {
    "sid":"ControlDesignOnrampwithSimulink:1",
    "rsid":"ControlDesignOnrampwithSimulink:1",
    "name":"Robotic Leg Plant",
    "label":"Robotic Leg Plant",
    "className":"Simulink.SubSystem",
    "icon":"SubSystemIcon_icon"
   },
   {
    "sid":"ControlDesignOnrampwithSimulink:16",
    "rsid":"ControlDesignOnrampwithSimulink:16",
    "name":"Scope",
    "label":"Scope",
    "className":"Simulink.Scope",
    "icon":"BlockIcon_icon"
   },
   {
    "sid":"ControlDesignOnrampwithSimulink:11",
    "rsid":"ControlDesignOnrampwithSimulink:11",
    "name":"Step",
    "label":"Step",
    "className":"Simulink.Step",
    "icon":"BlockIcon_icon"
   },
   {
    "sid":"ControlDesignOnrampwithSimulink:12",
    "rsid":"ControlDesignOnrampwithSimulink:12",
    "name":"Sum",
    "label":"Sum",
    "className":"Simulink.Sum",
    "icon":"BlockIcon_icon"
   },
   {
    "sid":"ControlDesignOnrampwithSimulink:1#out:1",
    "rsid":"ControlDesignOnrampwithSimulink:1#out:1",
    "name":"theta",
    "label":"theta",
    "className":"Simulink.Line",
    "icon":"LineIcon_icon"
   },
   {
    "sid":"ControlDesignOnrampwithSimulink:14#out:1",
    "rsid":"ControlDesignOnrampwithSimulink:14#out:1",
    "name":"torque",
    "label":"torque",
    "className":"Simulink.Line",
    "icon":"LineIcon_icon"
   },
   {
    "sid":"ControlDesignOnrampwithSimulink:12#out:1",
    "rsid":"ControlDesignOnrampwithSimulink:12#out:1",
    "name":"error",
    "label":"error",
    "className":"Simulink.Line",
    "icon":"LineIcon_icon"
   },
   {
    "sid":"ControlDesignOnrampwithSimulink:11#out:1",
    "rsid":"ControlDesignOnrampwithSimulink:11#out:1",
    "name":"reference",
    "label":"reference",
    "className":"Simulink.Line",
    "icon":"LineIcon_icon"
   }
  ],
  "sysViewURL":"support/slwebview_files/ControlDesignOnrampwithSimulink_d.json",
  "sameAsElement":false
 },
 {
  "hid":137,
  "sid":"ControlDesignOnrampwithSimulink:1",
  "esid":"ControlDesignOnrampwithSimulink:1",
  "parent":1,
  "children":[
  ],
  "name":"Robotic Leg Plant",
  "fullname":"ControlDesignOnrampwithSimulink/Robotic Leg Plant",
  "label":"Robotic Leg Plant",
  "className":"Simulink.SubSystem",
  "icon":"SubSystemIcon_icon",
  "svg":"support/slwebview_files/ControlDesignOnrampwithSimulink_1_d.svg",
  "thumbnail":"support/slwebview_files/ControlDesignOnrampwithSimulink_1_d.png",
  "elements":[
   {
    "sid":"ControlDesignOnrampwithSimulink:2",
    "rsid":"ControlDesignOnrampwithSimulink:2",
    "name":"torque",
    "label":"torque",
    "className":"Simulink.Inport",
    "icon":"BlockIcon_icon"
   },
   {
    "sid":"ControlDesignOnrampwithSimulink:3",
    "rsid":"ControlDesignOnrampwithSimulink:3",
    "name":"Add",
    "label":"Add",
    "className":"Simulink.Sum",
    "icon":"BlockIcon_icon"
   },
   {
    "sid":"ControlDesignOnrampwithSimulink:4",
    "rsid":"ControlDesignOnrampwithSimulink:4",
    "name":"Gain",
    "label":"Gain",
    "className":"Simulink.Gain",
    "icon":"BlockIcon_icon"
   },
   {
    "sid":"ControlDesignOnrampwithSimulink:5",
    "rsid":"ControlDesignOnrampwithSimulink:5",
    "name":"Gain1",
    "label":"Gain1",
    "className":"Simulink.Gain",
    "icon":"BlockIcon_icon"
   },
   {
    "sid":"ControlDesignOnrampwithSimulink:6",
    "rsid":"ControlDesignOnrampwithSimulink:6",
    "name":"Gain2",
    "label":"Gain2",
    "className":"Simulink.Gain",
    "icon":"BlockIcon_icon"
   },
   {
    "sid":"ControlDesignOnrampwithSimulink:7",
    "rsid":"ControlDesignOnrampwithSimulink:7",
    "name":"Gain3",
    "label":"Gain3",
    "className":"Simulink.Gain",
    "icon":"BlockIcon_icon"
   },
   {
    "sid":"ControlDesignOnrampwithSimulink:8",
    "rsid":"ControlDesignOnrampwithSimulink:8",
    "name":"Integrator,\nSecond-Order",
    "label":"Integrator, Second-Order",
    "className":"Simulink.SecondOrderIntegrator",
    "icon":"BlockIcon_icon"
   },
   {
    "sid":"ControlDesignOnrampwithSimulink:9",
    "rsid":"ControlDesignOnrampwithSimulink:9",
    "name":"Sin",
    "label":"Sin",
    "className":"Simulink.Trigonometry",
    "icon":"BlockIcon_icon"
   },
   {
    "sid":"ControlDesignOnrampwithSimulink:10",
    "rsid":"ControlDesignOnrampwithSimulink:10",
    "name":"theta",
    "label":"theta",
    "className":"Simulink.Outport",
    "icon":"BlockIcon_icon"
   },
   {
    "sid":"ControlDesignOnrampwithSimulink:7#out:1",
    "rsid":"ControlDesignOnrampwithSimulink:7#out:1",
    "name":"theta_deg",
    "label":"theta_deg",
    "className":"Simulink.Line",
    "icon":"LineIcon_icon"
   },
   {
    "sid":"ControlDesignOnrampwithSimulink:5#out:1",
    "rsid":"ControlDesignOnrampwithSimulink:5#out:1",
    "name":"damping",
    "label":"damping",
    "className":"Simulink.Line",
    "icon":"LineIcon_icon"
   },
   {
    "sid":"ControlDesignOnrampwithSimulink:9#out:1",
    "rsid":"ControlDesignOnrampwithSimulink:9#out:1",
    "name":"",
    "label":"",
    "className":"Simulink.Line",
    "icon":"LineIcon_icon"
   },
   {
    "sid":"ControlDesignOnrampwithSimulink:4#out:1",
    "rsid":"ControlDesignOnrampwithSimulink:4#out:1",
    "name":"gravity",
    "label":"gravity",
    "className":"Simulink.Line",
    "icon":"LineIcon_icon"
   },
   {
    "sid":"ControlDesignOnrampwithSimulink:6#out:1",
    "rsid":"ControlDesignOnrampwithSimulink:6#out:1",
    "name":"theta_dot_dot",
    "label":"theta_dot_dot",
    "className":"Simulink.Line",
    "icon":"LineIcon_icon"
   },
   {
    "sid":"ControlDesignOnrampwithSimulink:8#out:1",
    "rsid":"ControlDesignOnrampwithSimulink:8#out:1",
    "name":"theta_rad",
    "label":"theta_rad",
    "className":"Simulink.Line",
    "icon":"LineIcon_icon"
   },
   {
    "sid":"ControlDesignOnrampwithSimulink:8#out:2",
    "rsid":"ControlDesignOnrampwithSimulink:8#out:2",
    "name":"theta_dot",
    "label":"theta_dot",
    "className":"Simulink.Line",
    "icon":"LineIcon_icon"
   },
   {
    "sid":"ControlDesignOnrampwithSimulink:3#out:1",
    "rsid":"ControlDesignOnrampwithSimulink:3#out:1",
    "name":"",
    "label":"",
    "className":"Simulink.Line",
    "icon":"LineIcon_icon"
   },
   {
    "sid":"ControlDesignOnrampwithSimulink:2#out:1",
    "rsid":"ControlDesignOnrampwithSimulink:2#out:1",
    "name":"input_torque",
    "label":"input_torque",
    "className":"Simulink.Line",
    "icon":"LineIcon_icon"
   }
  ],
  "sysViewURL":"support/slwebview_files/ControlDesignOnrampwithSimulink_1_d.json",
  "sameAsElement":false
 }
]